{"v":"5.2.1","fr":60,"ip":90,"op":150,"w":512,"h":512,"nm":"Comp 1","ddd":0,"assets":[],"layers":[{"ddd":0,"ind":1,"ty":4,"nm":"Line 1","sr":1,"ks":{"o":{"a":0,"k":100,"ix":11},"r":{"a":0,"k":0,"ix":10},"p":{"a":0,"k":[241.936,264.704,0],"ix":2},"a":{"a":0,"k":[146.752,131.383,0],"ix":1},"s":{"a":0,"k":[150,150,100],"ix":6}},"ao":0,"shapes":[{"ty":"gr","it":[{"ind":0,"ty":"sh","ix":1,"ks":{"a":0,"k":{"i":[[0,0],[0,0],[16.688,0],[0,0],[0,-16.688],[0,0],[-16.688,0],[0,0],[0,16.687],[0,0],[-12.918,-7.459],[0,0],[15.343,-8.858],[0,0]],"o":[[0,0],[0,-16.688],[0,0],[-16.688,0],[0,0],[0,16.687],[0,0],[16.688,0],[0,0],[0,-14.916],[0,0],[15.343,8.859],[0,0],[0,0]],"v":[[-36.376,24.547],[-36.376,-53.628],[-66.717,-83.969],[-73.891,-83.969],[-104.232,-53.628],[-104.232,46.524],[-73.891,76.864],[-66.717,76.864],[-36.376,46.524],[-36.376,-64.623],[-7.31,-81.404],[88.889,-25.864],[88.889,13.999],[75.876,21.431]],"c":false},"ix":2},"nm":"Path 1","mn":"ADBE Vector Shape - Group","hd":false},{"ty":"st","c":{"a":0,"k":[0.905882352941,0.088811994066,0.300289139093,1],"ix":3},"o":{"a":0,"k":100,"ix":4},"w":{"a":0,"k":17.008,"ix":5},"lc":2,"lj":1,"ml":10,"ml2":{"a":0,"k":10,"ix":8},"nm":"Stroke 1","mn":"ADBE Vector Graphic - Stroke","hd":false},{"ty":"tr","p":{"a":0,"k":[146.752,131.383],"ix":2},"a":{"a":0,"k":[0,0],"ix":1},"s":{"a":0,"k":[100,100],"ix":3},"r":{"a":0,"k":0,"ix":6},"o":{"a":0,"k":100,"ix":7},"sk":{"a":0,"k":0,"ix":4},"sa":{"a":0,"k":0,"ix":5},"nm":"Transform"}],"nm":"Group 1","np":2,"cix":2,"ix":1,"mn":"ADBE Vector Group","hd":false},{"ty":"tm","s":{"a":0,"k":0,"ix":1},"e":{"a":0,"k":100,"ix":2},"o":{"a":0,"k":0,"ix":3},"m":1,"ix":2,"nm":"Trim Paths 1","mn":"ADBE Vector Filter - Trim","hd":false},{"ty":"tm","s":{"a":1,"k":[{"i":{"x":[0.19],"y":[1]},"o":{"x":[0.3],"y":[0]},"n":["0p19_1_0p3_0"],"t":0,"s":[57.9],"e":[1.5]},{"i":{"x":[0.19],"y":[1]},"o":{"x":[0.3],"y":[0]},"n":["0p19_1_0p3_0"],"t":60,"s":[1.5],"e":[1.5]},{"i":{"x":[0.19],"y":[1]},"o":{"x":[0.3],"y":[0]},"n":["0p19_1_0p3_0"],"t":90,"s":[1.5],"e":[57.9]},{"t":150}],"ix":1},"e":{"a":1,"k":[{"i":{"x":[0.19],"y":[1]},"o":{"x":[0.3],"y":[0]},"n":["0p19_1_0p3_0"],"t":0,"s":[100],"e":[55]},{"i":{"x":[0.19],"y":[1]},"o":{"x":[0.3],"y":[0]},"n":["0p19_1_0p3_0"],"t":60,"s":[55],"e":[55]},{"i":{"x":[0.19],"y":[1]},"o":{"x":[0.3],"y":[0]},"n":["0p19_1_0p3_0"],"t":90,"s":[55],"e":[100]},{"t":150}],"ix":2},"o":{"a":0,"k":0,"ix":3},"m":1,"ix":3,"nm":"Trim Paths 2","mn":"ADBE Vector Filter - Trim","hd":false}],"ip":0,"op":180,"st":0,"bm":0},{"ddd":0,"ind":2,"ty":4,"nm":"Line 2","parent":1,"sr":1,"ks":{"o":{"a":0,"k":100,"ix":11},"r":{"a":0,"k":0,"ix":10},"p":{"a":0,"k":[164.818,132.157,0],"ix":2},"a":{"a":0,"k":[131.865,136.352,0],"ix":1},"s":{"a":0,"k":[100,100,100],"ix":6}},"ao":0,"shapes":[{"ty":"gr","it":[{"ind":0,"ty":"sh","ix":1,"ks":{"a":0,"k":{"i":[[0,0],[0,0],[16.688,0],[0,0],[0,16.687],[0,0],[-16.687,0],[0,0],[0,-16.688],[0,0],[0,0],[7.686,-4.437],[0,0],[0,0],[0,17.716],[0,0],[-5.81,7.666]],"o":[[0,0],[0,16.687],[0,0],[-16.687,0],[0,0],[0,-16.688],[0,0],[16.688,0],[0,0],[0,0],[0.011,18.896],[0,0],[0,0],[-15.344,8.86],[0,0],[0,-10.867],[0,0]],"v":[[101.081,-37.978],[101.081,45.749],[70.74,76.089],[63.565,76.089],[33.225,45.749],[33.225,-54.402],[63.565,-84.743],[70.74,-84.743],[101.081,-54.402],[101.049,-29.728],[101.049,-23.249],[77.822,9.288],[57.809,20.656],[-54.82,84.971],[-89.344,65.04],[-89.344,-65.663],[-79.987,-93.831]],"c":false},"ix":2},"nm":"Path 1","mn":"ADBE Vector Shape - Group","hd":false},{"ty":"st","c":{"a":0,"k":[0.905882352941,0.088811994066,0.300289139093,1],"ix":3},"o":{"a":0,"k":100,"ix":4},"w":{"a":0,"k":17.008,"ix":5},"lc":2,"lj":1,"ml":10,"ml2":{"a":0,"k":10,"ix":8},"nm":"Stroke 1","mn":"ADBE Vector Graphic - Stroke","hd":false},{"ty":"tr","p":{"a":0,"k":[131.865,136.352],"ix":2},"a":{"a":0,"k":[0,0],"ix":1},"s":{"a":0,"k":[100,100],"ix":3},"r":{"a":0,"k":0,"ix":6},"o":{"a":0,"k":100,"ix":7},"sk":{"a":0,"k":0,"ix":4},"sa":{"a":0,"k":0,"ix":5},"nm":"Transform"}],"nm":"Group 1","np":2,"cix":2,"ix":1,"mn":"ADBE Vector Group","hd":false},{"ty":"tm","s":{"a":0,"k":0,"ix":1},"e":{"a":0,"k":100,"ix":2},"o":{"a":0,"k":0,"ix":3},"m":1,"ix":2,"nm":"Trim Paths 1","mn":"ADBE Vector Filter - Trim","hd":false},{"ty":"tm","s":{"a":1,"k":[{"i":{"x":[0.19],"y":[1]},"o":{"x":[0.3],"y":[0]},"n":["0p19_1_0p3_0"],"t":0,"s":[65.1],"e":[3]},{"i":{"x":[0.19],"y":[1]},"o":{"x":[0.3],"y":[0]},"n":["0p19_1_0p3_0"],"t":60,"s":[3],"e":[3]},{"i":{"x":[0.19],"y":[1]},"o":{"x":[0.3],"y":[0]},"n":["0p19_1_0p3_0"],"t":90,"s":[3],"e":[65.1]},{"t":150}],"ix":1},"e":{"a":1,"k":[{"i":{"x":[0.19],"y":[1]},"o":{"x":[0.3],"y":[0]},"n":["0p19_1_0p3_0"],"t":0,"s":[100],"e":[49]},{"i":{"x":[0.19],"y":[1]},"o":{"x":[0.3],"y":[0]},"n":["0p19_1_0p3_0"],"t":60,"s":[49],"e":[49]},{"i":{"x":[0.19],"y":[1]},"o":{"x":[0.3],"y":[0]},"n":["0p19_1_0p3_0"],"t":90,"s":[49],"e":[100]},{"t":150}],"ix":2},"o":{"a":0,"k":0,"ix":3},"m":1,"ix":3,"nm":"Trim Paths 2","mn":"ADBE Vector Filter - Trim","hd":false}],"ip":0,"op":180,"st":0,"bm":0}],"markers":[]}